article_url,contact_topic
https://help.teacherspayteachers.com/hc/en-us/articles/360042977971-A-product-on-TPT-violates-my-copyright-What-should-I-do,seller-questions
https://help.teacherspayteachers.com/hc/en-us/articles/360042909191-A-school-district-wants-to-make-a-large-purchase-but-needs-me-to-sign-a-Sole-Source-Affidavit-first-What-is-it,school-purchase-orders
https://help.teacherspayteachers.com/hc/en-us/articles/360041258431-What-is-TPT,other
https://help.teacherspayteachers.com/hc/en-us/articles/360055790351-Are-my-contributions-tax-deductible,other
https://help.teacherspayteachers.com/hc/en-us/articles/360055373972-Are-there-any-requirements-for-creating-a-TPT-ClassFund,other
https://help.teacherspayteachers.com/hc/en-us/articles/360042197172-Are-there-resources-on-TPT-to-help-me,seller-questions
https://help.teacherspayteachers.com/hc/en-us/articles/16350244814868-As-a-Seller-how-do-I-set-an-away-status,seller-questions
https://help.teacherspayteachers.com/hc/en-us/articles/4412840010388-As-a-Virtual-Assistant-how-can-I-download-resources-from-a-store-I-m-working-with,seller-questions
https://help.teacherspayteachers.com/hc/en-us/articles/5327250728724-As-a-Virtual-Assistant-how-do-I-add-UTM-codes-to-track-traffic-for-my-client-Seller,seller-questions
https://help.teacherspayteachers.com/hc/en-us/articles/360058777111-Can-I-apply-a-gift-card-to-my-account-balance,orders-and-refunds
https://help.teacherspayteachers.com/hc/en-us/articles/4412839590676-Can-I-become-a-Virtual-Assistant-to-multiple-Sellers-with-my-one-TPT-account,seller-questions
https://help.teacherspayteachers.com/hc/en-us/articles/360043056191-Can-I-change-my-username,login-and-access
https://help.teacherspayteachers.com/hc/en-us/articles/360042934711-Can-I-change-the-email-address-associated-with-my-account,login-and-access
https://help.teacherspayteachers.com/hc/en-us/articles/360042885411-Can-I-change-the-multiple-license-price-of-my-products-from-the-default-of-10-off,seller-questions
https://help.teacherspayteachers.com/hc/en-us/articles/360042974371-Can-I-contact-a-Seller-outside-of-TPT,other
https://help.teacherspayteachers.com/hc/en-us/articles/360042472512-Can-I-contact-my-Buyers-outside-of-TPT,seller-questions
https://help.teacherspayteachers.com/hc/en-us/articles/360055374112-Can-I-create-multiple-TPT-ClassFund-Campaigns,other
https://help.teacherspayteachers.com/hc/en-us/articles/360042672871-Can-I-film-others-including-students-in-my-video,seller-questions
https://help.teacherspayteachers.com/hc/en-us/articles/360059200711-Can-I-get-a-receipt-in-my-native-currency,orders-and-refunds
https://help.teacherspayteachers.com/hc/en-us/articles/4412826541844-Can-I-invite-multiple-Virtual-Assistants-to-help-with-my-store,seller-questions
https://help.teacherspayteachers.com/hc/en-us/articles/360042536992-Can-I-let-another-teacher-use-one-of-my-purchases,orders-and-refunds
https://help.teacherspayteachers.com/hc/en-us/articles/360043055611-Can-I-manage-the-emails-I-receive-from-TPT,login-and-access
https://help.teacherspayteachers.com/hc/en-us/articles/360042198892-Can-I-offer-a-growing-bundle-or-progressive-bundle,seller-questions
https://help.teacherspayteachers.com/hc/en-us/articles/360042472772-Can-I-offer-bonus-downloads-within-a-Bundle,seller-questions
https://help.teacherspayteachers.com/hc/en-us/articles/360042199032-Can-I-offer-resources-that-are-hosted-on-a-third-party-site,seller-questions
https://help.teacherspayteachers.com/hc/en-us/articles/360043048891-Can-I-pay-with-a-purchase-order,school-purchase-orders
https://help.teacherspayteachers.com/hc/en-us/articles/360042429692-Can-I-post-the-same-resource-more-than-once,seller-questions
https://help.teacherspayteachers.com/hc/en-us/articles/360056972332-Can-I-print-an-Easel-Activity,technical-issues
https://help.teacherspayteachers.com/hc/en-us/articles/360055790311-Can-I-reopen-a-Closed-or-Deleted-ClassFund-Campaign,other
https://help.teacherspayteachers.com/hc/en-us/articles/4412838371092-Can-I-see-what-edits-or-updates-a-Virtual-Assistant-made-to-my-store-or-to-a-listing,seller-questions
https://help.teacherspayteachers.com/hc/en-us/articles/360042908931-Can-I-see-who-downloads-my-free-products,seller-questions
https://help.teacherspayteachers.com/hc/en-us/articles/360042199912-Can-I-sell-subscriptions-to-my-website-on-TPT,seller-questions
https://help.teacherspayteachers.com/hc/en-us/articles/360058782412-Can-I-share-or-print-out-my-Wish-List,other
https://help.teacherspayteachers.com/hc/en-us/articles/360042865331-Can-I-upload-video-or-audio-files-to-TPT,seller-questions
https://help.teacherspayteachers.com/hc/en-us/articles/360042972351-Can-I-use-a-purchase-order-to-buy-gift-cards,school-purchase-orders
https://help.teacherspayteachers.com/hc/en-us/articles/360054681472-Can-I-use-any-file-to-create-an-Easel-Activity-for-my-students,technical-issues
https://help.teacherspayteachers.com/hc/en-us/articles/360056973012-Can-I-use-Easel-Activities-with-my-kids-at-home,technical-issues
https://help.teacherspayteachers.com/hc/en-us/articles/360043004971-Can-I-use-images-I-found-on-the-internet-in-my-resources,seller-questions
https://help.teacherspayteachers.com/hc/en-us/articles/360042619191-Can-I-use-the-new-Bundles-tool-to-create-a-growing-bundle,seller-questions
https://help.teacherspayteachers.com/hc/en-us/articles/360042469592-Can-I-use-TPT-if-I-m-a-homeschooler,other
https://help.teacherspayteachers.com/hc/en-us/articles/5327151111444-Can-my-Virtual-Assistant-add-UTM-codes-to-track-my-store-traffic,seller-questions
https://help.teacherspayteachers.com/hc/en-us/articles/4412852810260-Can-my-Virtual-Assistant-create-or-edit-Easel-resources,seller-questions
https://help.teacherspayteachers.com/hc/en-us/articles/18100852488852-Can-my-Virtual-Assistant-reply-to-questions-in-my-store,seller-questions
https://help.teacherspayteachers.com/hc/en-us/articles/360042971611-Can-the-title-of-my-resource-infringe-on-someone-s-intellectual-property,seller-questions
https://help.teacherspayteachers.com/hc/en-us/articles/360042430052-Can-TPT-remove-a-comment-or-rating-left-by-a-Buyer,seller-questions
https://help.teacherspayteachers.com/hc/en-us/articles/360042446272-Can-TPT-save-my-credit-card-information-so-I-don-t-have-to-reenter-it-each-time-I-shop,other
https://help.teacherspayteachers.com/hc/en-us/articles/360042872071-Do-I-have-to-create-a-video-preview-for-my-resource,seller-questions
https://help.teacherspayteachers.com/hc/en-us/articles/360042537592-Do-I-have-to-pay-sales-tax-for-items-purchased-on-TPT,school-purchase-orders
https://help.teacherspayteachers.com/hc/en-us/articles/8475435924500-Do-I-have-to-provide-my-SSN-when-registering-for-Hyperwallet,seller-questions
https://help.teacherspayteachers.com/hc/en-us/articles/360042616592-Do-I-need-a-PayPal-account-to-buy-or-sell-products,login-and-access
https://help.teacherspayteachers.com/hc/en-us/articles/360042470152-Do-I-need-to-be-a-teacher-to-use-TPT,other
https://help.teacherspayteachers.com/hc/en-us/articles/360042919151-Do-I-need-to-submit-a-W-9,seller-questions
https://help.teacherspayteachers.com/hc/en-us/articles/360042885471-Do-my-sales-reflect-on-my-Dashboard-instantly,seller-questions
https://help.teacherspayteachers.com/hc/en-us/articles/4412838872724-Do-Sellers-need-to-approve-edits-or-updates-made-by-a-Virtual-Assistant-before-they-are-published,seller-questions
https://help.teacherspayteachers.com/hc/en-us/articles/360055533271-Does-my-contribution-to-a-teacher-s-TPT-ClassFund-go-entirely-to-the-teacher,other
https://help.teacherspayteachers.com/hc/en-us/articles/360043770732-Does-TPT-have-a-referral-program,seller-questions
https://help.teacherspayteachers.com/hc/en-us/articles/360042534832-Does-TPT-offer-gift-cards,orders-and-refunds
https://help.teacherspayteachers.com/hc/en-us/articles/360042885851-For-products-listed-from-my-Google-Drive-do-I-need-to-alter-the-sharing-settings,seller-questions
https://help.teacherspayteachers.com/hc/en-us/articles/360042733131-For-products-listed-from-my-Google-Drive-why-does-TPT-ask-for-permission-to-access-my-Drive,seller-questions
https://help.teacherspayteachers.com/hc/en-us/articles/360044219551-Guidelines-around-utilizing-other-sites,seller-questions
https://help.teacherspayteachers.com/hc/en-us/articles/360043018571--Guidelines-for-All-TPT-ers,quality-and-safety
https://help.teacherspayteachers.com/hc/en-us/articles/360042673111-HELP-I-can-see-my-entire-paid-video-in-my-store,seller-questions
https://help.teacherspayteachers.com/hc/en-us/articles/360042672451-How-can-I-be-sure-that-I-m-following-copyright-guidelines,seller-questions
https://help.teacherspayteachers.com/hc/en-us/articles/360042627971-How-can-I-cancel-my-Premium-Seller-subscription,seller-questions
https://help.teacherspayteachers.com/hc/en-us/articles/360042972231-How-can-I-check-the-balance-of-my-gift-card,orders-and-refunds
https://help.teacherspayteachers.com/hc/en-us/articles/20923730708884-How-can-I-confirm-if-TPT-has-my-W-9-form,seller-questions
https://help.teacherspayteachers.com/hc/en-us/articles/360042548092-How-can-I-know-if-something-I-want-to-include-as-part-of-my-resource-is-copyrighted,quality-and-safety
https://help.teacherspayteachers.com/hc/en-us/articles/360048983771-How-can-I-make-my-PDF-resources-easier-for-Buyers-to-access,seller-questions
https://help.teacherspayteachers.com/hc/en-us/articles/360056634131-How-can-I-preview-an-Easel-Activity-as-a-student,technical-issues
https://help.teacherspayteachers.com/hc/en-us/articles/360058777211-How-can-I-purchase-a-TPT-gift-card,orders-and-refunds
https://help.teacherspayteachers.com/hc/en-us/articles/360042884431-How-can-I-report-infringement-of-my-work-to-TPT,other
https://help.teacherspayteachers.com/hc/en-us/articles/360055533111-How-can-I-set-up-a-TPT-ClassFund,other
https://help.teacherspayteachers.com/hc/en-us/articles/10544749736212-How-can-I-share-a-Collection,other
https://help.teacherspayteachers.com/hc/en-us/articles/9531392016148-How-can-I-use-Collections-to-organize-my-purchases,other
https://help.teacherspayteachers.com/hc/en-us/articles/360055374012-How-can-I-use-the-funds-I-ve-raised-to-purchase-TPT-resources,other
https://help.teacherspayteachers.com/hc/en-us/articles/360059200411-How-can-I-view-my-Wish-List,other
https://help.teacherspayteachers.com/hc/en-us/articles/4412839320212-How-can-my-Virtual-Assistant-work-with-Online-Resources-in-Google,seller-questions
https://help.teacherspayteachers.com/hc/en-us/articles/7356639694484-How-can-students-access-an-Easel-assignment-through-Google-Classroom,technical-issues
https://help.teacherspayteachers.com/hc/en-us/articles/360056634091--How-do-I-access-Easel-by-TPT,technical-issues
https://help.teacherspayteachers.com/hc/en-us/articles/360042448852-How-do-I-add-a-banner-to-my-store,seller-questions
https://help.teacherspayteachers.com/hc/en-us/articles/360042884031-How-do-I-add-a-made-for-Google-Drive-resource-to-my-Google-Drive,technical-issues
https://help.teacherspayteachers.com/hc/en-us/articles/360042864711-How-do-I-add-a-product-to-my-TPT-store,seller-questions
https://help.teacherspayteachers.com/hc/en-us/articles/8475730511508-How-do-I-add-a-transfer-method-in-Hyperwallet,seller-questions
https://help.teacherspayteachers.com/hc/en-us/articles/360060401111-How-do-I-add-an-image-to-an-Easel-Activity,technical-issues
https://help.teacherspayteachers.com/hc/en-us/articles/360042329052-How-do-I-add-edit-or-change-my-profile-picture,seller-questions
https://help.teacherspayteachers.com/hc/en-us/articles/7546565198484-How-do-I-add-Self-Checking-Multiple-Choice-questions-to-an-Easel-Activity,technical-issues
https://help.teacherspayteachers.com/hc/en-us/articles/7363500450324-How-do-I-assign-an-Easel-Activity-to-my-students,technical-issues
https://help.teacherspayteachers.com/hc/en-us/articles/4402848877844-How-do-I-assign-an-Easel-Assessment,technical-issues
https://help.teacherspayteachers.com/hc/en-us/articles/360057443211-How-do-I-assign-specific-pages-of-an-Easel-Activity,technical-issues
https://help.teacherspayteachers.com/hc/en-us/articles/4402638533268-How-do-I-attach-an-Easel-Assessment-or-Activity-to-an-existing-product-listing,technical-issues
https://help.teacherspayteachers.com/hc/en-us/articles/4412852880660-How-do-I-become-a-Virtual-Assistant-to-a-TPT-Seller,seller-questions
https://help.teacherspayteachers.com/hc/en-us/articles/360042537132-How-do-I-buy-multiple-licenses,orders-and-refunds
https://help.teacherspayteachers.com/hc/en-us/articles/360042934611-How-do-I-cancel-my-account,login-and-access
https://help.teacherspayteachers.com/hc/en-us/articles/360043055631-How-do-I-change-my-password,login-and-access
https://help.teacherspayteachers.com/hc/en-us/articles/7989022642836-How-do-I-change-or-remove-a-featured-testimonial,seller-questions
https://help.teacherspayteachers.com/hc/en-us/articles/360042199532-How-do-I-change-the-credit-card-for-my-Premium-subscription,seller-questions
https://help.teacherspayteachers.com/hc/en-us/articles/35735287324692-How-do-I-contact-a-Seller,other
https://help.teacherspayteachers.com/hc/en-us/articles/360042470112-How-do-I-contact-TPT-support,other
https://help.teacherspayteachers.com/hc/en-us/articles/7918722760724-How-do-I-create-a-standalone-Easel-listing,technical-issues
https://help.teacherspayteachers.com/hc/en-us/articles/360057443331-How-do-I-create-an-Easel-Activity-using-the-PDF-upload-feature,technical-issues
https://help.teacherspayteachers.com/hc/en-us/articles/6734089003540-How-do-I-create-an-external-link-in-Easel,technical-issues
https://help.teacherspayteachers.com/hc/en-us/articles/6734044557716-How-do-I-create-an-internal-link-in-Easel,technical-issues
https://help.teacherspayteachers.com/hc/en-us/articles/360042429472-How-do-I-delete-a-product-from-my-store,seller-questions
https://help.teacherspayteachers.com/hc/en-us/articles/360043055491-How-do-I-delete-a-saved-credit-card,other
https://help.teacherspayteachers.com/hc/en-us/articles/360042469472-How-do-I-download-or-buy-TPT-resources,other
https://help.teacherspayteachers.com/hc/en-us/articles/360043055411-How-do-I-enable-cookies-and-Javascript-on-my-browser,technical-issues
https://help.teacherspayteachers.com/hc/en-us/articles/360042469292-How-do-I-find-free-resources,other
https://help.teacherspayteachers.com/hc/en-us/articles/360042865791-How-do-I-generate-thumbnails-for-my-products,seller-questions
https://help.teacherspayteachers.com/hc/en-us/articles/360042580932-How-do-I-get-paid-as-a-Seller,seller-questions
https://help.teacherspayteachers.com/hc/en-us/articles/7364967486740-How-do-I-give-feedback-to-my-students-in-Easel,technical-issues
https://help.teacherspayteachers.com/hc/en-us/articles/360042616252-How-do-I-install-a-font-from-TPT-on-my-computer,technical-issues
https://help.teacherspayteachers.com/hc/en-us/articles/4412826454420-How-do-I-invite-a-Virtual-Assistant,seller-questions
https://help.teacherspayteachers.com/hc/en-us/articles/41311137231636-How-do-I-know-if-an-email-is-from-TPT,other
https://help.teacherspayteachers.com/hc/en-us/articles/360043773292-How-do-I-link-to-another-resource-in-my-product-description,seller-questions
https://help.teacherspayteachers.com/hc/en-us/articles/29645110565396-How-do-I-list-a-product-from-my-Google-Drive,seller-questions
https://help.teacherspayteachers.com/hc/en-us/articles/360042934291-How-do-I-log-in-to-my-account,login-and-access
https://help.teacherspayteachers.com/hc/en-us/articles/11598775145236-How-do-I-make-a-data-privacy-request,login-and-access
https://help.teacherspayteachers.com/hc/en-us/articles/360054681412-How-do-I-make-shapes-movable-in-an-Easel-Activity,technical-issues
https://help.teacherspayteachers.com/hc/en-us/articles/6480487578388-How-do-I-manage-my-TPT-mobile-app-notifications,login-and-access
https://help.teacherspayteachers.com/hc/en-us/articles/7290071099028-How-do-I-manage-the-pages-of-my-Easel-Activity,technical-issues
https://help.teacherspayteachers.com/hc/en-us/articles/360044376151-How-do-I-name-my-store,seller-questions
https://help.teacherspayteachers.com/hc/en-us/articles/360042472592-How-do-I-notify-Buyers-that-I-ve-uploaded-a-revised-version-of-my-product,seller-questions
https://help.teacherspayteachers.com/hc/en-us/articles/360042535652-How-do-I-obtain-a-copyright-in-my-work-Should-I-register-my-copyright,quality-and-safety
https://help.teacherspayteachers.com/hc/en-us/articles/44173068744212-How-do-I-offer-Seller-Coupons-and-Discounts-for-Buyers,seller-questions
https://help.teacherspayteachers.com/hc/en-us/articles/360042616372-How-do-I-open-a-PDF-with-Adobe-Reader-on-a-Mac,technical-issues
https://help.teacherspayteachers.com/hc/en-us/articles/360042919931-How-do-I-pay-for-my-resources,seller-questions
https://help.teacherspayteachers.com/hc/en-us/articles/360042429932-How-do-I-promote-a-product-on-the-site,seller-questions
https://help.teacherspayteachers.com/hc/en-us/articles/360056177252-How-do-I-purchase-resources-enabled-for-Easel,technical-issues
https://help.teacherspayteachers.com/hc/en-us/articles/360042908751-How-do-I-refund-a-Buyer,orders-and-refunds
https://help.teacherspayteachers.com/hc/en-us/articles/6733989605780-How-do-I-remove-a-link-from-an-Easel-Activity,technical-issues
https://help.teacherspayteachers.com/hc/en-us/articles/4412827001876-How-do-I-remove-a-Virtual-Assistant-from-my-store,seller-questions
https://help.teacherspayteachers.com/hc/en-us/articles/360043021551-How-do-I-report-or-flag-a-resource-on-TPT,quality-and-safety
https://help.teacherspayteachers.com/hc/en-us/articles/31699839237780-How-do-I-respond-to-Buyer-questions,seller-questions
https://help.teacherspayteachers.com/hc/en-us/articles/360042882311-How-do-I-search-for-resources,other
https://help.teacherspayteachers.com/hc/en-us/articles/360042881711-How-do-I-sell-on-TPT,seller-questions
https://help.teacherspayteachers.com/hc/en-us/articles/360056972972-How-do-I-share-additional-licenses-of-an-Easel-Activity-with-another-teacher,technical-issues
https://help.teacherspayteachers.com/hc/en-us/articles/360041266191-How-do-I-sign-up-as-a-Seller,seller-questions
https://help.teacherspayteachers.com/hc/en-us/articles/360042445152-How-do-I-stop-following-a-Seller,other
https://help.teacherspayteachers.com/hc/en-us/articles/35735089698324-How-do-I-submit-a-resource-for-the-TPT-Newsletter,seller-questions
https://help.teacherspayteachers.com/hc/en-us/articles/9646338629012-How-do-I-test-an-Easel-Activity-as-a-student,technical-issues
https://help.teacherspayteachers.com/hc/en-us/articles/42023121539860-How-do-I-throw-a-Collaborative-Sale,seller-questions
https://help.teacherspayteachers.com/hc/en-us/articles/360042885551-How-do-I-throw-a-sale,seller-questions
https://help.teacherspayteachers.com/hc/en-us/articles/360042619511-How-do-I-turn-an-existing-resource-in-my-store-into-a-Bundle,seller-questions
https://help.teacherspayteachers.com/hc/en-us/articles/20315328410132-How-do-I-upgrade-a-Digital-Download-resource-to-an-Online-Resource,seller-questions
https://help.teacherspayteachers.com/hc/en-us/articles/360058333872-How-do-I-use-a-TPT-Gift-Card,orders-and-refunds
https://help.teacherspayteachers.com/hc/en-us/articles/6662165067284-How-do-I-use-Drag-and-Drop-in-Easel-by-TPT,technical-issues
https://help.teacherspayteachers.com/hc/en-us/articles/360042566352-How-do-I-use-purchase-orders-to-buy-products-on-TPT,school-purchase-orders
https://help.teacherspayteachers.com/hc/en-us/articles/41030029173268-How-do-I-use-the-Buyer-and-Product-filtering-features-on-my-Seller-Dashboard,seller-questions
https://help.teacherspayteachers.com/hc/en-us/articles/38967569748244-How-do-I-use-the-date-range-feature-on-my-Seller-Dashboard,seller-questions
https://help.teacherspayteachers.com/hc/en-us/articles/360056972732-How-do-I-verify-my-email-address-to-share-an-Easel-Activity-link,technical-issues
https://help.teacherspayteachers.com/hc/en-us/articles/360060049292-How-do-I-view-a-student-s-in-progress-or-returned-Easel-Activity,technical-issues
https://help.teacherspayteachers.com/hc/en-us/articles/4405775022740-How-do-students-create-Easel-accounts,technical-issues
https://help.teacherspayteachers.com/hc/en-us/articles/7911520301972-How-do-students-log-in-to-access-an-assignment-in-Easel,technical-issues
https://help.teacherspayteachers.com/hc/en-us/articles/360044219371-How-does-participating-in-TPT-School-Access-impact-my-1099-K,seller-questions
https://help.teacherspayteachers.com/hc/en-us/articles/360042616532-How-does-the-sitewide-sale-work,technical-issues
https://help.teacherspayteachers.com/hc/en-us/articles/360042919751-How-does-TPT-handle-US-sales-tax,seller-questions
https://help.teacherspayteachers.com/hc/en-us/articles/360042871991-How-is-a-video-preview-different-from-a-regular-thumbnail-or-preview,seller-questions
https://help.teacherspayteachers.com/hc/en-us/articles/43226030198804-How-is-the-Product-Insights-Report-different-from-the-Seller-Dashboard,seller-questions
https://help.teacherspayteachers.com/hc/en-us/articles/21774856269204-How-is-the-Store-Ranking-calculated,seller-questions
https://help.teacherspayteachers.com/hc/en-us/articles/360055374532-How-is-TPT-ClassFund-different-from-other-teacher-crowdfunding-platforms,other
https://help.teacherspayteachers.com/hc/en-us/articles/360056177812-How-is-TPT-handling-student-data-with-the-Easel-Activities-tool,technical-issues
https://help.teacherspayteachers.com/hc/en-us/articles/360042198292-How-is-traffic-data-calculated,seller-questions
https://help.teacherspayteachers.com/hc/en-us/articles/360042872251-How-long-can-my-video-preview-for-my-resource-be,seller-questions
https://help.teacherspayteachers.com/hc/en-us/articles/360042566172-How-long-does-it-take-to-process-purchase-order-transactions,school-purchase-orders
https://help.teacherspayteachers.com/hc/en-us/articles/360042191532-How-many-included-products-can-a-single-TPT-Bundle-have,seller-questions
https://help.teacherspayteachers.com/hc/en-us/articles/360042906631-How-much-does-it-cost-to-join-TPT,other
https://help.teacherspayteachers.com/hc/en-us/articles/360042758631-How-much-should-I-charge-for-my-products,seller-questions
https://help.teacherspayteachers.com/hc/en-us/articles/360042242952-How-much-should-I-charge-for-my-video,seller-questions
https://help.teacherspayteachers.com/hc/en-us/articles/360042645791-How-should-I-use-the-supporting-document-option-for-video-resources,seller-questions
https://help.teacherspayteachers.com/hc/en-us/articles/360055789991-How-will-I-receive-the-funds-I-ve-raised,other
https://help.teacherspayteachers.com/hc/en-us/articles/8472714118676-I-don-t-live-in-the-US-Do-I-have-to-fill-out-a-W8-BEN-form-when-registering-for-Hyperwallet,seller-questions
https://help.teacherspayteachers.com/hc/en-us/articles/360042583412-I-don-t-see-my-payout-in-my-account-what-do-I-do,seller-questions
https://help.teacherspayteachers.com/hc/en-us/articles/360042934411-I-forgot-my-username-or-password-What-do-I-do,login-and-access
https://help.teacherspayteachers.com/hc/en-us/articles/360042972051-I-found-my-resource-posted-on-another-website-Can-TPT-do-anything,seller-questions
https://help.teacherspayteachers.com/hc/en-us/articles/360042192452-I-have-a-make-your-own-bundle-custom-bundle-Can-I-upgrade-these-to-be-a-TPT-Bundle,seller-questions
https://help.teacherspayteachers.com/hc/en-us/articles/360042429512-I-have-a-question-about-copyright-Can-you-help,seller-questions
https://help.teacherspayteachers.com/hc/en-us/articles/9844367699476-I-have-more-than-one-TPT-account-What-should-I-do,login-and-access
https://help.teacherspayteachers.com/hc/en-us/articles/360042733671-I-left-a-rating-and-review-for-a-product-but-it-didn-t-post-what-happened,quality-and-safety
https://help.teacherspayteachers.com/hc/en-us/articles/360042199632-I-live-outside-of-the-U-S-Can-I-sell-on-TPT,seller-questions
https://help.teacherspayteachers.com/hc/en-us/articles/360058334052-I-lost-my-gift-card-code-how-can-I-recover-it,orders-and-refunds
https://help.teacherspayteachers.com/hc/en-us/articles/360042447212-I-think-I-was-charged-twice-accidentally-what-should-I-do,orders-and-refunds
https://help.teacherspayteachers.com/hc/en-us/articles/360042974531-I-think-I-was-charged-twice-for-an-order-what-should-I-do,orders-and-refunds
https://help.teacherspayteachers.com/hc/en-us/articles/360055790451-I-want-to-contribute-but-the-TPT-ClassFund-Campaign-is-Closed-How-can-I-still-contribute,other
https://help.teacherspayteachers.com/hc/en-us/articles/360044223531-I-want-to-create-a-unique-store-name-Do-you-have-any-tips-for-selecting-one,seller-questions
https://help.teacherspayteachers.com/hc/en-us/articles/360042447032-I-want-to-switch-the-newsletter-version-I-receive-How-do-I-do-that,login-and-access
https://help.teacherspayteachers.com/hc/en-us/articles/360042884171-I-d-like-to-get-both-versions-of-the-weekly-newsletter-How-do-I-do-that,login-and-access
https://help.teacherspayteachers.com/hc/en-us/articles/360042971211-If-I-create-a-resource-with-a-colleague-who-owns-the-copyright,quality-and-safety
https://help.teacherspayteachers.com/hc/en-us/articles/360042617632-If-I-have-trouble-logging-in-what-should-I-do,login-and-access
https://help.teacherspayteachers.com/hc/en-us/articles/360042483572-If-my-business-is-incorporated-as-an-S-corp-or-a-C-corp-will-I-receive-a-1099-K,seller-questions
https://help.teacherspayteachers.com/hc/en-us/articles/360043055271-I-m-having-a-problem-with-the-TPT-website-How-do-I-fix-it,technical-issues
https://help.teacherspayteachers.com/hc/en-us/articles/34733439308052-I-m-having-trouble-completing-my-Seller-membership-payment-What-can-I-do,seller-questions
https://help.teacherspayteachers.com/hc/en-us/articles/360042191792-I-m-trying-to-upgrade-an-existing-resource-to-a-TPT-Bundle-but-the-Start-Upgrading-to-a-TPT-Bundle-button-isn-t-there,seller-questions
https://help.teacherspayteachers.com/hc/en-us/articles/360042580772-Inappropriate-Content-Policy,quality-and-safety
https://help.teacherspayteachers.com/hc/en-us/articles/7442152685204-Is-Easel-free-to-use,technical-issues
https://help.teacherspayteachers.com/hc/en-us/articles/360043004671-Is-it-ok-to-include-hyperlinks-or-QR-codes-to-other-websites-in-my-resources-What-about-embedded-videos,technical-issues
https://help.teacherspayteachers.com/hc/en-us/articles/360042672811-Is-it-OK-to-include-trademarks-in-my-video,seller-questions
https://help.teacherspayteachers.com/hc/en-us/articles/360056972272-Is-student-work-automatically-saved-when-working-on-an-Easel-Activity,technical-issues
https://help.teacherspayteachers.com/hc/en-us/articles/360042882091-Is-Teachers-Pay-Teachers-TPT-an-approved-vendor-for-my-school-or-district,school-purchase-orders
https://help.teacherspayteachers.com/hc/en-us/articles/360056972672-Is-there-a-way-to-keep-track-of-grades-in-Easel-Activities,technical-issues
https://help.teacherspayteachers.com/hc/en-us/articles/360042534912-I-ve-entered-my-gift-card-code-and-it-says-it-s-invalid-what-do-I-do,orders-and-refunds
https://help.teacherspayteachers.com/hc/en-us/articles/360042582592-More-than-one-person-runs-our-TPT-store-Can-you-split-our-earnings-and-pay-us-separately,seller-questions
https://help.teacherspayteachers.com/hc/en-us/articles/360042305212-My-conversion-rates-seem-low-to-me-Any-suggestions,seller-questions
https://help.teacherspayteachers.com/hc/en-us/articles/12218819628180-My-students-don-t-have-email-addresses-Can-I-still-assign-an-Easel-Activity,technical-issues
https://help.teacherspayteachers.com/hc/en-us/articles/360042243692-Ratings-Reviews-Guidelines-for-Buyers,quality-and-safety
https://help.teacherspayteachers.com/hc/en-us/articles/360042243512-Ratings-Reviews-Guidelines-for-Sellers,quality-and-safety
https://help.teacherspayteachers.com/hc/en-us/articles/360044219891-Seller-Fees-and-Payout-Rates,seller-questions
https://help.teacherspayteachers.com/hc/en-us/articles/26676029511828-Seller-Milestone-Program,seller-questions
https://help.teacherspayteachers.com/hc/en-us/articles/360042626931-TPT-Content-Guidelines,quality-and-safety
https://help.teacherspayteachers.com/hc/en-us/articles/360042885151-Should-I-include-answer-keys-with-my-products,seller-questions
https://help.teacherspayteachers.com/hc/en-us/articles/360043773432-Should-I-see-updates-to-my-store-right-away,seller-questions
https://help.teacherspayteachers.com/hc/en-us/articles/360042885091-Someone-else-is-using-a-store-name-just-like-mine-what-can-I-do,seller-questions
https://help.teacherspayteachers.com/hc/en-us/articles/360042328912-Sometimes-I-switch-a-product-between-free-and-paid-Will-doing-that-affect-my-product-statistics,seller-questions
https://help.teacherspayteachers.com/hc/en-us/articles/360042194852-Standards-Crosswalking,other
https://help.teacherspayteachers.com/hc/en-us/articles/360042199232-The-TPT-Way,quality-and-safety
https://help.teacherspayteachers.com/hc/en-us/articles/360046747572-TPT-Content-Guidelines,seller-questions
https://help.teacherspayteachers.com/hc/en-us/articles/17919308615700-TPT-Logo-Guidelines,quality-and-safety
https://help.teacherspayteachers.com/hc/en-us/articles/360043049071-TPT-s-W-9-and-Your-School-s-Tax-Reporting-Needs,school-purchase-orders
https://help.teacherspayteachers.com/hc/en-us/articles/360042565892-We-want-to-buy-from-TPT-but-our-purchasing-rules-require-that-Sellers-first-sign-a-Sole-Source-Affidavit-Can-we-still-buy-with-TPT,school-purchase-orders
https://help.teacherspayteachers.com/hc/en-us/articles/7363302497044-What-age-group-is-best-served-by-Easel,technical-issues
https://help.teacherspayteachers.com/hc/en-us/articles/360042429532-What-are-bundles,seller-questions
https://help.teacherspayteachers.com/hc/en-us/articles/360042448512-What-are-multiple-licenses,seller-questions
https://help.teacherspayteachers.com/hc/en-us/articles/7962838568596-What-are-resource-testimonials,seller-questions
https://help.teacherspayteachers.com/hc/en-us/articles/7918661712276-What-are-standalone-Easel-Listings,technical-issues
https://help.teacherspayteachers.com/hc/en-us/articles/360042870611-What-are-the-benefits-of-creating-a-video-preview-for-a-resource,seller-questions
https://help.teacherspayteachers.com/hc/en-us/articles/360055374412-What-are-the-different-ways-I-can-make-a-ClassFund-contribution,other
https://help.teacherspayteachers.com/hc/en-us/articles/360042304412-What-are-TPT-credits,orders-and-refunds
https://help.teacherspayteachers.com/hc/en-us/articles/360042626591-What-are-TPT-s-Seller-Guidelines,quality-and-safety
https://help.teacherspayteachers.com/hc/en-us/articles/360042217012-What-browser-should-I-use-for-uploading-video,seller-questions
https://help.teacherspayteachers.com/hc/en-us/articles/4412826604820-What-can-a-Virtual-Assistant-do-in-my-store,seller-questions
https://help.teacherspayteachers.com/hc/en-us/articles/360058796992-What-can-I-do-if-the-recipient-of-my-gift-card-didn-t-receive-or-lost-their-gift-card-code,orders-and-refunds
https://help.teacherspayteachers.com/hc/en-us/articles/7545034290836-What-devices-work-with-Easel,technical-issues
https://help.teacherspayteachers.com/hc/en-us/articles/7546092195732-What-dimensions-are-the-backgrounds-in-Easel-Activities,technical-issues
https://help.teacherspayteachers.com/hc/en-us/articles/360042886451-What-do-I-do-if-a-Buyer-is-unhappy,seller-questions
https://help.teacherspayteachers.com/hc/en-us/articles/360042445412-What-do-I-do-if-a-Seller-does-not-respond-to-my-question,technical-issues
https://help.teacherspayteachers.com/hc/en-us/articles/7013225193876-What-do-the-numbers-mean-in-Easel-s-drag-and-drop-tool,technical-issues
https://help.teacherspayteachers.com/hc/en-us/articles/4412839779348-What-does-it-mean-when-a-Seller-is-inactive-on-my-VA-Dashboard,seller-questions
https://help.teacherspayteachers.com/hc/en-us/articles/360042547852-What-does-public-domain-mean-and-how-do-I-know-if-something-is-in-the-public-domain,other
https://help.teacherspayteachers.com/hc/en-us/articles/12734392776468-What-does-TPT-do-if-they-suspect-a-resource-in-my-store-contains-malware,seller-questions
https://help.teacherspayteachers.com/hc/en-us/articles/11804496506388-What-does-TPT-have-in-place-for-Security-Protocols,other
https://help.teacherspayteachers.com/hc/en-us/articles/360059200311-What-file-type-can-my-product-preview-be,seller-questions
https://help.teacherspayteachers.com/hc/en-us/articles/360042644891-What-file-type-can-my-video-be,seller-questions
https://help.teacherspayteachers.com/hc/en-us/articles/360042435732-What-file-type-can-my-video-preview-for-my-resource-be,seller-questions
https://help.teacherspayteachers.com/hc/en-us/articles/360042429292-What-file-types-are-supported-on-TPT,seller-questions
https://help.teacherspayteachers.com/hc/en-us/articles/360042215492-What-frame-rate-should-I-use,seller-questions
https://help.teacherspayteachers.com/hc/en-us/articles/35564860829204-What-happened-to-TPT-School-Access,school-express
https://help.teacherspayteachers.com/hc/en-us/articles/20923754381588-What-happens-if-my-W-9-information-changes-in-the-future,seller-questions
https://help.teacherspayteachers.com/hc/en-us/articles/4408484042772-What-happens-when-my-resource-is-removed-from-TPT-for-Intellectual-Property-Infringement-under-the-DMCA-process-e-g-are-my-earnings-impacted,seller-questions
https://help.teacherspayteachers.com/hc/en-us/articles/360042886671-What-if-a-Buyer-asks-me-a-technical-question,seller-questions
https://help.teacherspayteachers.com/hc/en-us/articles/360042909231-What-if-Buyers-are-having-trouble-opening-my-ZIP-files,seller-questions
https://help.teacherspayteachers.com/hc/en-us/articles/360042919431-What-if-I-became-an-LLC-or-corporation-during-the-year,seller-questions
https://help.teacherspayteachers.com/hc/en-us/articles/360042883111-What-if-I-can-t-check-out,other
https://help.teacherspayteachers.com/hc/en-us/articles/360043055391-What-if-I-can-t-download-a-file,technical-issues
https://help.teacherspayteachers.com/hc/en-us/articles/360043055371-What-if-I-can-t-open-a-file,technical-issues
https://help.teacherspayteachers.com/hc/en-us/articles/360042734211-What-if-I-don-t-know-what-the-terms-on-My-Products-Statistics-page-mean,seller-questions
https://help.teacherspayteachers.com/hc/en-us/articles/7918765684116-What-if-I-don-t-see-my-Easel-resource-available-to-list,technical-issues
https://help.teacherspayteachers.com/hc/en-us/articles/360042583592-What-if-I-have-an-issue-with-PayPal,seller-questions
https://help.teacherspayteachers.com/hc/en-us/articles/360059083091-What-if-I-need-a-password-to-print,technical-issues
https://help.teacherspayteachers.com/hc/en-us/articles/360043055511-What-if-I-no-longer-have-access-to-the-email-address-associated-with-my-account,login-and-access
https://help.teacherspayteachers.com/hc/en-us/articles/360042243252-What-if-I-want-to-make-a-video-for-students-to-watch,seller-questions
https://help.teacherspayteachers.com/hc/en-us/articles/360060289891-What-if-I-m-having-problems-opening-the-files-in-a-bundle-I-ve-downloaded,technical-issues
https://help.teacherspayteachers.com/hc/en-us/articles/9714556205844-What-if-I-m-not-receiving-the-one-time-password-OTP-email,login-and-access
https://help.teacherspayteachers.com/hc/en-us/articles/360042959931-What-if-I-m-tax-exempt,school-purchase-orders
https://help.teacherspayteachers.com/hc/en-us/articles/360043055351-What-if-my-file-isn-t-printing-correctly,technical-issues
https://help.teacherspayteachers.com/hc/en-us/articles/360042865391-What-if-my-product-contains-more-than-one-file,seller-questions
https://help.teacherspayteachers.com/hc/en-us/articles/360044221611-What-if-my-product-file-is-larger-than-the-maximum-file-size-limit,seller-questions
https://help.teacherspayteachers.com/hc/en-us/articles/360058652472-What-if-my-resource-is-added-to-the-wrong-Google-Drive-account,technical-issues
https://help.teacherspayteachers.com/hc/en-us/articles/360051148072-What-if-my-ZIP-file-or-PDF-file-is-empty,technical-issues
https://help.teacherspayteachers.com/hc/en-us/articles/360042430152-What-is-a-custom-category,seller-questions
https://help.teacherspayteachers.com/hc/en-us/articles/360042198012-What-is-a-Flipchart-file,technical-issues
https://help.teacherspayteachers.com/hc/en-us/articles/37924778680852-What-is-a-Note-to-Followers,seller-questions
https://help.teacherspayteachers.com/hc/en-us/articles/360042625711-What-is-a-Notebook-file,technical-issues
https://help.teacherspayteachers.com/hc/en-us/articles/360042197572-What-is-a-PDF-file,technical-issues
https://help.teacherspayteachers.com/hc/en-us/articles/360043954412-What-is-a-preview-for-a-supporting-document,seller-questions
https://help.teacherspayteachers.com/hc/en-us/articles/360042883011-What-is-a-promo-code,orders-and-refunds
https://help.teacherspayteachers.com/hc/en-us/articles/44173722272276-What-is-a-Seller-Discount-Marketing-cost,seller-questions
https://help.teacherspayteachers.com/hc/en-us/articles/360042618912-What-is-a-Transferable-License,seller-questions
https://help.teacherspayteachers.com/hc/en-us/articles/360042197332-What-is-a-ZIP-file,technical-issues
https://help.teacherspayteachers.com/hc/en-us/articles/33529258586004-What-is-an-EEF-card,other
https://help.teacherspayteachers.com/hc/en-us/articles/7442097948948-What-is-Easel-by-TPT,technical-issues
https://help.teacherspayteachers.com/hc/en-us/articles/360042986251-What-is-Fair-Use-and-do-my-resources-qualify,seller-questions
https://help.teacherspayteachers.com/hc/en-us/articles/29499315179540-What-is-Meta-Pixel-Facebook-Pixel-and-how-do-I-add-it-to-my-store,seller-questions
https://help.teacherspayteachers.com/hc/en-us/articles/360042216672-What-is-the-aspect-ratio-for-video-on-TPT,seller-questions
https://help.teacherspayteachers.com/hc/en-us/articles/360055374212-What-is-the-difference-between-closing-and-deleting-a-TPT-ClassFund-Campaign,other
https://help.teacherspayteachers.com/hc/en-us/articles/360042919551-What-is-the-difference-between-gross-sales-and-earnings,seller-questions
https://help.teacherspayteachers.com/hc/en-us/articles/360042191412-What-is-the-new-Bundles-feature-and-how-is-it-different-than-traditional-bundles,seller-questions
https://help.teacherspayteachers.com/hc/en-us/articles/25043523101716-What-is-the-TPT-Yearbook,seller-questions
https://help.teacherspayteachers.com/hc/en-us/articles/360042618932-What-is-TPT-for-Schools,seller-questions
https://help.teacherspayteachers.com/hc/en-us/articles/25257230707476-What-is-TPT-Live,seller-questions
https://help.teacherspayteachers.com/hc/en-us/articles/4401927822228-What-is-TPT-University,seller-questions
https://help.teacherspayteachers.com/hc/en-us/articles/360055790391-What-is-TPT,other
https://help.teacherspayteachers.com/hc/en-us/articles/360042197012-What-is-TPT-s-intellectual-property-policy,other
https://help.teacherspayteachers.com/hc/en-us/articles/360042884331-What-is-your-refund-policy,orders-and-refunds
https://help.teacherspayteachers.com/hc/en-us/articles/7546188370068-What-keyboard-shortcuts-can-I-use-in-Easel-Activities,technical-issues
https://help.teacherspayteachers.com/hc/en-us/articles/4402638420756-What-kind-of-products-can-I-attach-an-Easel-Activity-or-Assessment-to,technical-issues
https://help.teacherspayteachers.com/hc/en-us/articles/7442463024148-What-kind-of-resources-can-I-use-with-Easel,technical-issues
https://help.teacherspayteachers.com/hc/en-us/articles/360042449172-What-kind-of-video-can-I-upload,seller-questions
https://help.teacherspayteachers.com/hc/en-us/articles/360042645011-What-kind-of-video-should-I-not-upload,seller-questions
https://help.teacherspayteachers.com/hc/en-us/articles/360042625971-What-kinds-of-store-data-can-I-view-on-the-dashboard-graph,seller-questions
https://help.teacherspayteachers.com/hc/en-us/articles/7444598831380-What-learning-management-systems-LMS-does-Easel-support,technical-issues
https://help.teacherspayteachers.com/hc/en-us/articles/360040842852-What-membership-types-are-available,seller-questions
https://help.teacherspayteachers.com/hc/en-us/articles/360042434032-What-should-be-included-in-a-video-preview-for-my-resource,seller-questions
https://help.teacherspayteachers.com/hc/en-us/articles/360042865671-What-should-I-do-if-I-have-issues-with-the-thumbnail-generator,seller-questions
https://help.teacherspayteachers.com/hc/en-us/articles/360042200172-What-should-I-do-if-I-no-longer-wish-to-be-a-Seller,seller-questions
https://help.teacherspayteachers.com/hc/en-us/articles/360042242492-What-should-I-include-in-my-video-preview,seller-questions
https://help.teacherspayteachers.com/hc/en-us/articles/360042619091-What-should-I-know-about-upgrading-my-existing-bundle,seller-questions
https://help.teacherspayteachers.com/hc/en-us/articles/360042972431-What-should-I-post-in-the-Ratings-Reviews-section,quality-and-safety
https://help.teacherspayteachers.com/hc/en-us/articles/360042672031-What-should-I-use-for-my-video-cover-image,seller-questions
https://help.teacherspayteachers.com/hc/en-us/articles/360044408171-What-types-of-Seller-accounts-are-offered-on-TPT,seller-questions
https://help.teacherspayteachers.com/hc/en-us/articles/7390139182740-What-will-I-see-when-I-review-students-work,technical-issues
https://help.teacherspayteachers.com/hc/en-us/articles/360040835852-What-s-a-Premium-Seller-upgrade,seller-questions
https://help.teacherspayteachers.com/hc/en-us/articles/360042865171-What-s-the-best-way-to-post-a-bundle-on-TPT,seller-questions
https://help.teacherspayteachers.com/hc/en-us/articles/360042865851-What-s-the-difference-between-a-thumbnail-and-a-preview,seller-questions
https://help.teacherspayteachers.com/hc/en-us/articles/360042645951-What-s-the-maximum-file-size-for-video,seller-questions
https://help.teacherspayteachers.com/hc/en-us/articles/360040842472-When-I-upgrade-to-a-Premium-Seller-account-do-my-previous-earnings-adjust-to-that-rate,seller-questions
https://help.teacherspayteachers.com/hc/en-us/articles/360042628071-When-I-upgrade-to-Premium-Seller-when-does-my-year-subscription-begin,seller-questions
https://help.teacherspayteachers.com/hc/en-us/articles/360042607592-When-should-I-leave-a-rating-and-review,quality-and-safety
https://help.teacherspayteachers.com/hc/en-us/articles/360040979152-When-was-TPT-founded,other
https://help.teacherspayteachers.com/hc/en-us/articles/360042919191-When-will-I-get-my-1099-K-and-where-can-I-find-it,seller-questions
https://help.teacherspayteachers.com/hc/en-us/articles/360042974911-When-will-I-receive-my-order,orders-and-refunds
https://help.teacherspayteachers.com/hc/en-us/articles/360042304572-Where-are-my-TPT-credits-and-how-do-I-use-them,orders-and-refunds
https://help.teacherspayteachers.com/hc/en-us/articles/360042974711-Where-can-I-find-an-itemized-list-of-all-my-purchases-from-the-year,orders-and-refunds
https://help.teacherspayteachers.com/hc/en-us/articles/360042429632-Where-can-I-find-clip-art-to-use-in-my-products,seller-questions
https://help.teacherspayteachers.com/hc/en-us/articles/7442613035924-Where-can-I-find-Easel-resources-I-have-already-purchased,technical-issues
https://help.teacherspayteachers.com/hc/en-us/articles/360042973371-Where-can-I-find-my-purchases,orders-and-refunds
https://help.teacherspayteachers.com/hc/en-us/articles/360042974591-Where-can-I-find-receipts-for-my-purchases,orders-and-refunds
https://help.teacherspayteachers.com/hc/en-us/articles/360042733831-Where-can-I-find-statistics-on-my-products,seller-questions
https://help.teacherspayteachers.com/hc/en-us/articles/360042906891-Where-can-I-find-the-TPT-Privacy-Policy,other
https://help.teacherspayteachers.com/hc/en-us/articles/360042469232-Where-can-I-find-the-TPT-Terms-of-Service,other
https://help.teacherspayteachers.com/hc/en-us/articles/360042887471-Where-can-I-find-videos-that-I-ve-purchased-or-downloaded,technical-issues
https://help.teacherspayteachers.com/hc/en-us/articles/360042243152-Where-can-I-post-my-video,seller-questions
https://help.teacherspayteachers.com/hc/en-us/articles/360042445312-Where-can-I-see-the-free-resources-I-ve-downloaded,technical-issues
https://help.teacherspayteachers.com/hc/en-us/articles/360042906011-Where-is-TPT-based,other
https://help.teacherspayteachers.com/hc/en-us/articles/360042616512-Which-browser-should-I-use-for-TPT,technical-issues
https://help.teacherspayteachers.com/hc/en-us/articles/22549800307092-Who-can-view-my-Store-Ranking,seller-questions
https://help.teacherspayteachers.com/hc/en-us/articles/360042535412-Who-owns-the-resources-I-made-me-or-the-school-that-I-work-for,school-purchase-orders
https://help.teacherspayteachers.com/hc/en-us/articles/360042447092-Why-am-I-not-receiving-newsletters-or-other-emails-from-TPT,login-and-access
https://help.teacherspayteachers.com/hc/en-us/articles/42805567534740-Why-are-some-percent-change-or-value-change-metrics-missing-from-my-Product-Insights-Report,seller-questions
https://help.teacherspayteachers.com/hc/en-us/articles/360042885251-Why-can-t-I-ask-for-followers-or-ratings-in-the-Seller-s-Forum,seller-questions
https://help.teacherspayteachers.com/hc/en-us/articles/360057443051-Why-can-t-I-click-any-links-in-a-PDF-I-ve-uploaded-to-Easel,technical-issues
https://help.teacherspayteachers.com/hc/en-us/articles/360042887291-Why-can-t-I-download-my-video,technical-issues
https://help.teacherspayteachers.com/hc/en-us/articles/360043005611-Why-can-t-I-select-the-purchase-order-payment-option-at-checkout,school-purchase-orders
https://help.teacherspayteachers.com/hc/en-us/articles/43225421977748-Why-does-the-Totals-row-not-always-add-up-the-way-I-expect-in-my-Product-Insights-Report,seller-questions
https://help.teacherspayteachers.com/hc/en-us/articles/360042446532-Why-does-TPT-need-access-to-my-Google-Drive-for-me-to-use-certain-digital-resources,technical-issues
https://help.teacherspayteachers.com/hc/en-us/articles/360042921651-Why-is-my-Google-Drive-resource-still-loading,technical-issues
https://help.teacherspayteachers.com/hc/en-us/articles/360044216491-Why-is-my-Google-Drive-resource-unable-to-connect-to-Google,technical-issues
https://help.teacherspayteachers.com/hc/en-us/articles/360043055331-Why-is-my-PDF-blurry,technical-issues
https://help.teacherspayteachers.com/hc/en-us/articles/43225071228948-Why-is-the-delta-for-Conversions-only-shown-as-value-change-on-the-Product-Insights-Report,seller-questions
https://help.teacherspayteachers.com/hc/en-us/articles/360059850232-Why-is-the-Download-button-grayed-out-on-a-bundle-I-purchased,technical-issues
https://help.teacherspayteachers.com/hc/en-us/articles/360042483212-Why-is-TPT-reporting-gross-sales-rather-than-earnings,seller-questions
https://help.teacherspayteachers.com/hc/en-us/articles/360042974431-Why-isn-t-an-order-showing-in-My-Purchases,orders-and-refunds
https://help.teacherspayteachers.com/hc/en-us/articles/360042973151-Why-was-my-resource-taken-down-while-similar-resources-by-other-Teacher-Authors-are-still-up,seller-questions
https://help.teacherspayteachers.com/hc/en-us/articles/20923535843476-Will-I-receive-a-1099-K-form-this-year,seller-questions
